,ID,trial,TargetPosition,RT,ampWinner,ampAveraging
0,0,0,10,,,
1,1,1,10,,,
2,2,2,10,,,
3,3,3,10,,,
4,4,4,10,,,
5,5,5,10,,,
6,6,6,10,,,
7,7,7,10,,,
8,8,8,10,1146,44,42.48702195360185
9,9,9,10,,,
10,10,10,10,,,
11,11,11,10,1165,50,39.53083196206234
12,12,12,10,,,
13,13,13,10,1062,41,29.685056656666326
14,14,14,10,597,42,32.82408660248154
15,15,15,10,,,
16,16,16,10,,,
17,17,17,10,,,
18,18,18,10,849,47,28.50928629343672
19,19,19,10,,,
20,20,20,10,,,
21,21,21,10,529,48,30.978306345730104
22,22,22,10,,,
23,23,23,10,,,
24,24,24,10,1163,53,42.81330959611517
25,25,25,10,1121,48,44.33041398703865
26,26,26,10,,,
27,27,27,10,1176,48,45.360529068499375
28,28,28,10,,,
29,29,29,10,,,
30,30,30,10,,,
31,31,31,10,,,
32,32,32,10,,,
33,33,33,10,,,
34,34,34,10,1193,46,38.898005675733884
35,35,35,10,,,
36,36,36,10,,,
37,37,37,10,,,
38,38,38,10,485,41,31.017968134935973
39,39,39,10,,,
40,40,40,10,,,
41,41,41,10,,,
42,42,42,10,,,
43,43,43,10,1198,53,46.402526456795705
44,44,44,10,1099,50,34.54411318649565
45,45,45,10,1181,55,49.26677255860131
46,46,46,10,,,
47,47,47,10,1137,47,40.42591275368214
48,48,48,10,,,
49,49,49,10,,,
50,50,50,10,,,
51,51,51,10,1198,54,45.633442438682444
52,52,52,10,,,
53,53,53,10,,,
54,54,54,10,,,
55,55,55,10,1170,50,45.085436159531994
56,56,56,10,1146,42,42.587747612023875
57,57,57,10,1002,41,29.034785475965837
58,58,58,10,1176,47,45.90336635561878
59,59,59,10,1188,50,44.328981328758445
60,60,60,10,616,47,34.33471675111164
61,61,61,10,,,
62,62,62,10,,,
63,63,63,10,,,
64,64,64,10,,,
65,65,65,10,,,
66,66,66,10,,,
67,67,67,10,,,
68,68,68,10,314,50,33.25894006973439
69,69,69,10,,,
70,70,70,10,,,
71,71,71,10,,,
72,72,72,10,,,
73,73,73,10,,,
74,74,74,10,,,
75,75,75,10,,,
76,76,76,10,1168,46,44.488398970823226
77,77,77,10,,,
78,78,78,10,987,44,29.43639245552638
79,79,79,10,,,
80,80,80,10,,,
81,81,81,10,,,
82,82,82,10,,,
83,83,83,10,,,
84,84,84,10,,,
85,85,85,10,,,
86,86,86,10,1165,46,47.62561880672888
87,87,87,10,,,
88,88,88,10,1188,51,49.93045077515827
89,89,89,10,1194,56,43.82880236240823
90,90,90,10,,,
91,91,91,10,,,
92,92,92,10,1163,51,42.1620196678561
93,93,93,10,,,
94,94,94,10,,,
95,95,95,10,,,
96,96,96,10,,,
97,97,97,10,,,
98,98,98,10,1187,51,45.03649744311613
99,99,99,10,,,
100,100,0,20,982,43,30.334409647959028
101,101,1,20,1162,45,43.0962626626673
102,102,2,20,,,
103,103,3,20,,,
104,104,4,20,1013,45,29.225082334575646
105,105,5,20,,,
106,106,6,20,858,48,30.683648275173535
107,107,7,20,1163,53,48.667091165586484
108,108,8,20,868,42,30.46290185231014
109,109,9,20,935,45,29.406920859716546
110,110,10,20,830,41,29.753837497247442
111,111,11,20,1031,42,30.208853664214942
112,112,12,20,1115,42,40.79152813102716
113,113,13,20,887,46,31.216180708008164
114,114,14,20,597,42,32.82408660248154
115,115,15,20,925,47,29.178662071780717
116,116,16,20,862,42,30.053065052233922
117,117,17,20,1020,45,31.050586102149044
118,118,18,20,845,47,29.460421612345506
119,119,19,20,989,43,29.351536162633014
120,120,20,20,797,44,28.447124925763095
121,121,21,20,529,48,30.978306345730104
122,122,22,20,757,44,27.596778794392183
123,123,23,20,,,
124,124,24,20,1163,53,43.20234390301304
125,125,25,20,908,42,29.57493719266193
126,126,26,20,768,41,26.95977583313859
127,127,27,20,933,45,31.253127227145246
128,128,28,20,987,44,28.663690127002546
129,129,29,20,766,45,27.772389937629903
130,130,30,20,939,44,31.067649608624034
131,131,31,20,,,
132,132,32,20,,,
133,133,33,20,1162,43,40.197777337679156
134,134,34,20,1192,46,39.476589453928774
135,135,35,20,,,
136,136,36,20,1030,43,31.39234266064435
137,137,37,20,,,
138,138,38,20,485,41,31.017968134935973
139,139,39,20,,,
140,140,40,20,,,
141,141,41,20,,,
142,142,42,20,,,
143,143,43,20,1079,42,30.08413567359374
144,144,44,20,1099,50,35.24995442266327
145,145,45,20,1177,45,47.675299102987445
146,146,46,20,,,
147,147,47,20,984,46,31.280807371750726
148,148,48,20,755,43,29.71670512926991
149,149,49,20,990,42,29.264454290624656
150,150,50,20,,,
151,151,51,20,950,41,29.87692252342698
152,152,52,20,,,
153,153,53,20,984,42,29.915144667758938
154,154,54,20,759,43,26.70247478810283
155,155,55,20,867,41,30.823471251742973
156,156,56,20,1146,42,43.07194089559325
157,157,57,20,1001,41,30.525598324168534
158,158,58,20,1176,47,46.03633456981227
159,159,59,20,808,40,28.22859112759199
160,160,60,20,616,47,34.33471675111164
161,161,61,20,998,47,29.7648176388043
162,162,62,20,871,44,30.925219978631905
163,163,63,20,952,42,30.19820088274122
164,164,64,20,855,41,30.340828439452576
165,165,65,20,1021,48,31.32262041257304
166,166,66,20,894,44,29.307546967251156
167,167,67,20,963,44,30.449080529014456
168,168,68,20,314,50,33.25894006973439
169,169,69,20,1041,46,30.731759270755898
170,170,70,20,876,42,29.372393033846087
171,171,71,20,,,
172,172,72,20,,,
173,173,73,20,,,
174,174,74,20,,,
175,175,75,20,879,44,30.43078940549598
176,176,76,20,1165,46,46.08109582813548
177,177,77,20,,,
178,178,78,20,986,44,30.7909302950421
179,179,79,20,892,43,31.08062332705337
180,180,80,20,,,
181,181,81,20,,,
182,182,82,20,1054,44,30.746882193374034
183,183,83,20,,,
184,184,84,20,886,43,30.501443227487652
185,185,85,20,984,48,30.685001119308847
186,186,86,20,1165,46,47.91248417658028
187,187,87,20,1048,43,29.222573686410588
188,188,88,20,1188,51,50.30960752576243
189,189,89,20,775,42,26.700604542901985
190,190,90,20,,,
191,191,91,20,1064,41,30.365830234355336
192,192,92,20,783,44,26.45137212112504
193,193,93,20,769,45,27.176990027861045
194,194,94,20,,,
195,195,95,20,,,
196,196,96,20,1072,39,30.984101515092767
197,197,97,20,879,43,30.23993189239703
198,198,98,20,896,44,32.414346111614805
199,199,99,20,802,45,28.071964990416422
200,200,0,30,788,47,30.634687263944233
201,201,1,30,760,41,29.55475807643075
202,202,2,30,756,46,30.626968333246882
203,203,3,30,755,40,30.16160352295914
204,204,4,30,762,46,30.3184050689029
205,205,5,30,753,45,31.74188274457079
206,206,6,30,753,45,30.67670663410161
207,207,7,30,759,42,29.701706859684354
208,208,8,30,824,43,31.29723663032643
209,209,9,30,760,45,30.37036322996
210,210,10,30,764,42,29.65211628440645
211,211,11,30,763,46,28.79020167760784
212,212,12,30,788,43,30.315952112832633
213,213,13,30,758,43,30.66841456174969
214,214,14,30,597,42,32.82408660248154
215,215,15,30,756,45,29.774611155347053
216,216,16,30,755,44,30.214939128340692
217,217,17,30,761,39,30.813988777639768
218,218,18,30,754,40,31.322089316157346
219,219,19,30,755,44,30.590419081523105
220,220,20,30,755,46,31.137503539379455
221,221,21,30,529,48,30.978306345730104
222,222,22,30,754,44,30.024472246141624
223,223,23,30,757,44,30.30056538368916
224,224,24,30,762,44,30.15375598780625
225,225,25,30,752,42,31.736163927178847
226,226,26,30,755,44,30.105546470731166
227,227,27,30,757,44,29.513729560029958
228,228,28,30,788,45,31.504021649858498
229,229,29,30,754,44,31.143212345786278
230,230,30,30,759,40,30.320535660084985
231,231,31,30,759,45,30.343493236192188
232,232,32,30,757,40,30.619438016726946
233,233,33,30,820,47,33.78277448196052
234,234,34,30,804,42,30.920214981594615
235,235,35,30,841,42,32.26140579555517
236,236,36,30,762,47,28.557395913298443
237,237,37,30,753,44,31.12996555565154
238,238,38,30,485,41,31.017968134935973
239,239,39,30,759,42,29.57999999145469
240,240,40,30,772,43,28.604305019792935
241,241,41,30,763,42,29.160619751745198
242,242,42,30,754,40,31.299485096744473
243,243,43,30,761,43,29.45766274979941
244,244,44,30,766,45,28.811258999519175
245,245,45,30,821,44,32.58520639155593
246,246,46,30,759,42,31.500256789303055
247,247,47,30,753,44,32.14360549079493
248,248,48,30,751,43,34.46549372974229
249,249,49,30,894,42,33.28092995586404
250,250,50,30,767,43,28.79481345605134
251,251,51,30,750,44,32.31099795535607
252,252,52,30,755,45,30.615483276046103
253,253,53,30,754,43,29.807709990547593
254,254,54,30,755,43,30.101692899721048
255,255,55,30,755,40,30.935954356934502
256,256,56,30,752,42,30.655686720247097
257,257,57,30,761,46,28.407548188711015
258,258,58,30,761,42,28.864832040568484
259,259,59,30,756,45,30.800888207306727
260,260,60,30,616,47,34.33471675111164
261,261,61,30,752,49,31.855491774305627
262,262,62,30,794,42,31.936517216630044
263,263,63,30,752,45,30.582423312037733
264,264,64,30,755,41,31.25233175004543
265,265,65,30,779,42,29.050542490358474
266,266,66,30,756,46,30.630693913006304
267,267,67,30,762,42,30.195765138218675
268,268,68,30,314,50,33.25894006973439
269,269,69,30,761,39,29.501369603766094
270,270,70,30,755,49,32.21580287166448
271,271,71,30,786,46,30.027609394343163
272,272,72,30,786,43,30.458181899916898
273,273,73,30,780,42,27.7577476978549
274,274,74,30,794,46,31.643859850055755
275,275,75,30,755,40,30.46577474253815
276,276,76,30,756,48,29.618128477670034
277,277,77,30,753,43,31.226263199751322
278,278,78,30,775,47,28.751831794858834
279,279,79,30,765,40,29.64802455218948
280,280,80,30,824,45,33.504324482168855
281,281,81,30,759,44,28.970465842281634
282,282,82,30,761,42,29.034661311101527
283,283,83,30,760,46,30.09120893275512
284,284,84,30,755,41,30.855639889124628
285,285,85,30,757,41,30.354265299567828
286,286,86,30,762,39,28.88881707178524
287,287,87,30,756,43,30.39869805011269
288,288,88,30,755,40,30.56810386392591
289,289,89,30,768,45,29.81561006745925
290,290,90,30,757,41,30.54496931550253
291,291,91,30,800,47,31.258192614877142
292,292,92,30,758,44,29.373784938754493
293,293,93,30,758,45,29.211859161546396
294,294,94,30,752,48,31.040497982885892
295,295,95,30,758,42,29.31164523299425
296,296,96,30,757,44,30.022957227513494
297,297,97,30,836,48,33.716763994075734
298,298,98,30,757,41,29.901611729946655
299,299,99,30,751,42,31.763307747806984
300,300,0,40,759,46,30.884574531776803
301,301,1,40,760,41,32.73126745744855
302,302,2,40,754,41,33.72243073412433
303,303,3,40,753,48,32.46389517947829
304,304,4,40,751,46,33.39046253826993
305,305,5,40,752,42,34.26715033882833
306,306,6,40,753,45,32.9799988863209
307,307,7,40,751,43,33.87718459338749
308,308,8,40,754,46,32.812078176786684
309,309,9,40,757,46,33.79389114891779
310,310,10,40,754,47,32.60722960750064
311,311,11,40,754,40,31.62798042401047
312,312,12,40,755,45,34.635441360462
313,313,13,40,757,43,33.409166711847334
314,314,14,40,597,42,32.82408660248154
315,315,15,40,753,49,32.73291682441821
316,316,16,40,752,50,33.2964870358561
317,317,17,40,759,39,34.365306014779854
318,318,18,40,754,40,33.87986275626246
319,319,19,40,751,48,34.023047534535884
320,320,20,40,752,46,34.36965341554567
321,321,21,40,529,48,30.978306345730104
322,322,22,40,753,44,32.41049075418275
323,323,23,40,754,45,33.64861317167802
324,324,24,40,756,49,33.928119640048344
325,325,25,40,752,42,33.809884699159866
326,326,26,40,754,44,32.744685968014196
327,327,27,40,756,44,32.05168065190394
328,328,28,40,757,44,33.76179079911603
329,329,29,40,753,44,33.38487452778377
330,330,30,40,756,40,33.744618908157186
331,331,31,40,753,45,33.51047400448789
332,332,32,40,755,50,34.33377146951487
333,333,33,40,754,48,33.04259743351991
334,334,34,40,757,47,32.03443290623119
335,335,35,40,756,44,32.98056396933342
336,336,36,40,759,47,31.229768440188543
337,337,37,40,753,44,33.53894857261624
338,338,38,40,485,41,31.017968134935973
339,339,39,40,757,42,32.91567919145593
340,340,40,40,756,44,32.38777960986543
341,341,41,40,757,47,32.19126921926108
342,342,42,40,754,40,33.78621843241944
343,343,43,40,755,44,32.94250486096212
344,344,44,40,757,45,32.265237055551154
345,345,45,40,753,46,33.15528083794191
346,346,46,40,755,46,35.52910972171789
347,347,47,40,751,44,34.96725608124515
348,348,48,40,751,43,36.47073390321599
349,349,49,40,754,47,31.620982230864907
350,350,50,40,754,40,32.789289590994905
351,351,51,40,750,44,33.55109528071083
352,352,52,40,753,45,32.85183550566493
353,353,53,40,752,43,31.859275891228243
354,354,54,40,754,43,32.66645823603418
355,355,55,40,755,40,33.636858140302316
356,356,56,40,752,42,32.6114767383954
357,357,57,40,755,46,31.395359147947435
358,358,58,40,761,42,31.95832066602692
359,359,59,40,754,50,33.502854390407364
360,360,60,40,616,47,34.33471675111164
361,361,61,40,751,49,33.467549087261894
362,362,62,40,752,47,33.76381540995962
363,363,63,40,751,45,32.10111616257598
364,364,64,40,755,41,34.031818958004855
365,365,65,40,755,47,32.62678805684805
366,366,66,40,754,46,33.22648837590153
367,367,67,40,753,44,33.779235913870515
368,368,68,40,314,50,33.25894006973439
369,369,69,40,752,46,32.379483979124444
370,370,70,40,753,49,35.44827163051283
371,371,71,40,755,39,32.03862065318513
372,372,72,40,764,42,31.657291620667575
373,373,73,40,753,43,32.01542755838478
374,374,74,40,758,45,32.526275050473295
375,375,75,40,753,50,33.027606899776714
376,376,76,40,754,48,32.98857201103845
377,377,77,40,750,43,34.17033755173039
378,378,78,40,756,46,33.31955047505255
379,379,79,40,752,45,33.76800230987685
380,380,80,40,755,47,31.975979000058565
381,381,81,40,753,45,31.879405986842443
382,382,82,40,760,42,32.12517365340599
383,383,83,40,756,43,34.07612922036184
384,384,84,40,755,41,33.80580511417361
385,385,85,40,753,41,33.154092346476354
386,386,86,40,758,44,32.77955262823504
387,387,87,40,752,48,33.05844308459046
388,388,88,40,753,40,33.14045472024352
389,389,89,40,756,49,32.95044287708323
390,390,90,40,755,44,33.90675784702072
391,391,91,40,755,46,32.39163739289174
392,392,92,40,755,48,32.86919535655619
393,393,93,40,756,45,31.870605655595075
394,394,94,40,751,48,32.69730399287562
395,395,95,40,757,42,32.7679290274321
396,396,96,40,751,51,33.23286253193043
397,397,97,40,755,46,32.74425842668616
398,398,98,40,754,49,33.22224221884105
399,399,99,40,751,42,33.48291022805656
400,400,0,50,758,46,33.23109244885239
401,401,1,50,759,43,36.17368459459327
402,402,2,50,754,41,35.84530970315778
403,403,3,50,753,48,34.204537627308085
404,404,4,50,751,46,34.885521186720176
405,405,5,50,752,42,36.09924351941231
406,406,6,50,753,45,34.93380400704043
407,407,7,50,751,43,35.42871430053134
408,408,8,50,754,46,34.81405288349782
409,409,9,50,754,57,36.051525129457545
410,410,10,50,754,47,34.80742192359899
411,411,11,50,754,43,33.67077642329608
412,412,12,50,755,45,37.47605316205347
413,413,13,50,757,43,35.95681569850473
414,414,14,50,597,42,32.82408660248154
415,415,15,50,752,49,34.596723353522755
416,416,16,50,752,50,35.17765425386698
417,417,17,50,757,47,38.440212341033394
418,418,18,50,754,40,36.10861018855415
419,419,19,50,751,48,35.554379451235874
420,420,20,50,752,46,36.31925987281526
421,421,21,50,529,48,30.978306345730104
422,422,22,50,753,44,34.36717022373342
423,423,23,50,754,45,35.84034635029312
424,424,24,50,753,44,35.97121398359555
425,425,25,50,752,42,35.599987932573676
426,426,26,50,753,44,34.63337105614797
427,427,27,50,755,48,34.28928931227943
428,428,28,50,757,44,36.5068037809408
429,429,29,50,753,44,35.316084637592205
430,430,30,50,756,40,36.733643729026376
431,431,31,50,753,45,35.79261681002993
432,432,32,50,753,50,36.676103268034005
433,433,33,50,754,48,35.246484714094485
434,434,34,50,757,47,34.76056488540499
435,435,35,50,755,48,34.87663499222648
436,436,36,50,759,47,33.83553731051973
437,437,37,50,753,44,35.82383920180822
438,438,38,50,485,41,31.017968134935973
439,439,39,50,757,42,35.75905571054752
440,440,40,50,756,44,34.73371177307243
441,441,41,50,757,47,34.80491155903383
442,442,42,50,754,40,36.125517968820716
443,443,43,50,755,44,35.174866549931146
444,444,44,50,755,51,34.89727191385499
445,445,45,50,753,46,35.245719446960834
446,446,46,50,753,55,38.31412323471102
447,447,47,50,751,44,36.453386062780694
448,448,48,50,751,43,38.16545644828286
449,449,49,50,754,47,33.70580331633597
450,450,50,50,754,40,34.942243964021664
451,451,51,50,750,44,34.515747320377066
452,452,52,50,753,45,34.72903840988967
453,453,53,50,752,43,33.314495298132115
454,454,54,50,754,43,34.62957130915857
455,455,55,50,755,40,36.12595676277079
456,456,56,50,752,42,34.31865885085256
457,457,57,50,755,46,33.70231204275128
458,458,58,50,760,42,35.0326824565878
459,459,59,50,754,50,35.83359771770016
460,460,60,50,616,47,34.33471675111164
461,461,61,50,751,49,34.94804164732957
462,462,62,50,752,42,35.66968908154051
463,463,63,50,751,45,33.28335765355097
464,464,64,50,754,50,36.12011623981936
465,465,65,50,755,47,34.94122214784631
466,466,66,50,754,46,35.33598838440438
467,467,67,50,752,43,35.721088180985824
468,468,68,50,314,50,33.25894006973439
469,469,69,50,752,46,34.0288703046827
470,470,70,50,753,49,38.100440828061394
471,471,71,50,754,55,34.23165233280569
472,472,72,50,759,49,34.82911265012791
473,473,73,50,753,43,33.72127518295449
474,474,74,50,758,45,35.65449329373096
475,475,75,50,753,50,34.77492416332159
476,476,76,50,754,48,35.57341665325635
477,477,77,50,750,43,35.34537902976968
478,478,78,50,756,46,36.00595649830093
479,479,79,50,752,45,35.51376100680106
480,480,80,50,755,47,34.218632106641756
481,481,81,50,753,45,33.65246265178124
482,482,82,50,758,42,34.96545277675801
483,483,83,50,756,43,36.81752122396817
484,484,84,50,755,41,36.31274845771068
485,485,85,50,753,41,35.089575489674424
486,486,86,50,758,44,35.583596188966105
487,487,87,50,752,48,34.673343400570026
488,488,88,50,753,40,35.28602807082982
489,489,89,50,756,49,35.299990669328565
490,490,90,50,753,56,36.076215410404615
491,491,91,50,755,46,34.59863329025147
492,492,92,50,755,48,35.35462324545172
493,493,93,50,756,45,34.23331443354128
494,494,94,50,751,48,34.133873464793695
495,495,95,50,757,42,35.68766041676278
496,496,96,50,751,51,34.648188212303396
497,497,97,50,755,46,35.349565762143065
498,498,98,50,754,49,35.39048293823108
499,499,99,50,751,42,34.871744635503575
500,500,0,60,758,52,34.90959324046916
501,501,1,60,761,41,38.40864280215961
502,502,2,60,755,46,37.331002190536296
503,503,3,60,753,48,35.3386478446689
504,504,4,60,751,46,35.877851674803196
505,505,5,60,753,45,38.02197890350093
506,506,6,60,753,45,36.19821554673535
507,507,7,60,757,44,39.05685590223018
508,508,8,60,762,58,37.96198663816892
509,509,9,60,754,57,37.62682470081376
510,510,10,60,754,47,36.343769710882185
511,511,11,60,756,51,35.86938377557835
512,512,12,60,756,45,40.13641113601224
513,513,13,60,758,43,38.36583744840563
514,514,14,60,597,42,32.82408660248154
515,515,15,60,753,49,35.87025737395748
516,516,16,60,752,50,36.496516272047785
517,517,17,60,757,53,41.32666625016234
518,518,18,60,755,47,37.547911398502706
519,519,19,60,751,48,36.55045370812165
520,520,20,60,753,46,38.13069354362523
521,521,21,60,529,48,30.978306345730104
522,522,22,60,754,44,36.205617017201185
523,523,23,60,754,45,37.5502834809414
524,524,24,60,754,51,38.56060975480058
525,525,25,60,753,42,37.10288944018004
526,526,26,60,755,44,36.427756832168726
527,527,27,60,756,44,36.50481034462372
528,528,28,60,757,46,38.7465719128967
529,529,29,60,754,44,37.330868062877464
530,530,30,60,756,57,39.24106428709446
531,531,31,60,758,45,39.83128314518235
532,532,32,60,753,50,38.28903303316702
533,533,33,60,754,48,36.801310732981
534,534,34,60,757,47,36.86684520599818
535,535,35,60,757,46,37.60700324004541
536,536,36,60,760,47,36.52377230351674
537,537,37,60,753,44,37.56242967579116
538,538,38,60,485,41,31.017968134935973
539,539,39,60,761,42,38.83516029864255
540,540,40,60,757,50,36.6156539340556
541,541,41,60,757,47,36.83237885518111
542,542,42,60,754,60,38.17118480686929
543,543,43,60,755,59,36.91592687386373
544,544,44,60,755,51,36.72791785735807
545,545,45,60,759,63,38.52772059059278
546,546,46,60,753,55,40.388233999851025
547,547,47,60,753,44,38.19097934254579
548,548,48,60,751,43,39.38929424844938
549,549,49,60,754,47,35.022654011094644
550,550,50,60,758,49,38.66744437361872
551,551,51,60,750,44,35.084265193796355
552,552,52,60,753,45,36.223011828456784
553,553,53,60,754,43,35.32634931590207
554,554,54,60,755,43,36.4134309364284
555,555,55,60,757,52,38.73063355561721
556,556,56,60,756,48,37.37791834565632
557,557,57,60,757,46,35.53217560523438
558,558,58,60,762,42,38.208266849122936
559,559,59,60,754,50,37.66942021602533
560,560,60,60,616,47,34.33471675111164
561,561,61,60,751,49,35.96972688308611
562,562,62,60,753,47,37.272855752650116
563,563,63,60,752,45,34.84140728944367
564,564,64,60,754,50,38.03708277096447
565,565,65,60,755,47,36.52270750994547
566,566,66,60,755,46,37.22526627964267
567,567,67,60,755,58,38.5112914132251
568,568,68,60,314,50,33.25894006973439
569,569,69,60,755,46,37.378995000390184
570,570,70,60,753,49,40.03341927625166
571,571,71,60,754,55,35.70776379551159
572,572,72,60,759,49,37.245071642188435
573,573,73,60,758,51,36.250771612142934
574,574,74,60,758,45,38.09076740929649
575,575,75,60,753,50,35.96563543493626
576,576,76,60,755,48,37.72195134411182
577,577,77,60,753,43,38.24876715770201
578,578,78,60,757,46,38.485800564027286
579,579,79,60,754,48,37.2749494450909
580,580,80,60,755,47,35.71472582296732
581,581,81,60,755,45,35.97239317112267
582,582,82,60,761,42,37.82810260675093
583,583,83,60,756,46,39.037801791163766
584,584,84,60,756,45,38.54863330501555
585,585,85,60,753,46,36.51598636245208
586,586,86,60,758,52,37.69959656069631
587,587,87,60,752,48,35.75379273831777
588,588,88,60,756,44,39.038819000972346
589,589,89,60,756,49,37.17112668896662
590,590,90,60,753,56,37.28350387350732
591,591,91,60,757,47,36.241771451506466
592,592,92,60,755,48,37.07849114468645
593,593,93,60,756,49,35.80539943397265
594,594,94,60,751,48,34.96882454086027
595,595,95,60,758,42,38.01711616226044
596,596,96,60,751,51,35.558989412490874
597,597,97,60,758,49,37.51654826856363
598,598,98,60,754,49,36.964288753277266
599,599,99,60,751,42,35.790667268987974
600,600,0,70,778,48,39.67719050988083
601,601,1,70,785,58,48.80586924193724
602,602,2,70,760,46,40.53214058466913
603,603,3,70,755,48,37.06603117185356
604,604,4,70,755,51,38.70822061138552
605,605,5,70,761,46,42.140767571535385
606,606,6,70,762,45,39.714805262231316
607,607,7,70,765,49,42.96938708176971
608,608,8,70,763,58,39.53684215169599
609,609,9,70,755,57,39.202351073719186
610,610,10,70,760,54,40.986489226191225
611,611,11,70,764,46,40.28871441451174
612,612,12,70,764,53,43.85531090875643
613,613,13,70,758,58,39.70742063992312
614,614,14,70,597,42,32.82408660248154
615,615,15,70,767,60,41.552345342653396
616,616,16,70,765,54,42.71222412167437
617,617,17,70,759,67,43.28698616810825
618,618,18,70,759,47,39.70585991835777
619,619,19,70,762,51,41.894697306192406
620,620,20,70,757,63,42.66563373287949
621,621,21,70,529,48,30.978306345730104
622,622,22,70,757,44,38.001290394219836
623,623,23,70,770,54,40.970391643244554
624,624,24,70,763,61,44.001555848925044
625,625,25,70,756,57,39.65490386365854
626,626,26,70,768,41,38.75660998810876
627,627,27,70,792,52,49.46533809248905
628,628,28,70,759,53,40.06422311657212
629,629,29,70,760,52,40.7886397594614
630,630,30,70,756,57,40.86349250551691
631,631,31,70,759,56,41.83486327555091
632,632,32,70,760,50,40.1860153302297
633,633,33,70,778,50,44.11901454066025
634,634,34,70,777,52,41.946761982647175
635,635,35,70,765,52,41.48825792389582
636,636,36,70,762,47,38.57018366448496
637,637,37,70,757,69,41.68819287844416
638,638,38,70,485,41,31.017968134935973
639,639,39,70,764,56,40.450150154599115
640,640,40,70,777,42,40.42338602797256
641,641,41,70,779,49,44.392806949870085
642,642,42,70,754,60,39.533020004942045
643,643,43,70,755,59,37.923066771087306
644,644,44,70,759,60,39.52300743450361
645,645,45,70,757,63,39.03882753103177
646,646,46,70,753,55,41.642522170102524
647,647,47,70,755,52,40.06521537625211
648,648,48,70,752,51,40.75134625239137
649,649,49,70,767,54,37.781572857824095
650,650,50,70,767,61,42.21040519015615
651,651,51,70,756,50,39.24109662510495
652,652,52,70,756,61,38.454394763984475
653,653,53,70,772,55,38.09688438978232
654,654,54,70,758,43,38.3360127103816
655,655,55,70,767,51,42.16797237357924
656,656,56,70,757,53,38.72356319113543
657,657,57,70,786,63,45.49772007101224
658,658,58,70,777,47,41.41252020595179
659,659,59,70,760,50,41.89430988163234
660,660,60,70,616,47,34.33471675111164
661,661,61,70,752,49,37.68093825208999
662,662,62,70,764,55,42.76081895251984
663,663,63,70,753,45,35.71520980638245
664,664,64,70,755,50,40.201880950337
665,665,65,70,764,56,40.44946798310912
666,666,66,70,760,51,40.13362491146543
667,667,67,70,755,58,39.82842059463065
668,668,68,70,314,50,33.25894006973439
669,669,69,70,758,56,39.776991689124685
670,670,70,70,755,49,43.02008163490923
671,671,71,70,754,55,36.52429399768042
672,672,72,70,786,60,46.936976120019104
673,673,73,70,780,50,37.76920806794043
674,674,74,70,769,52,42.31525133127573
675,675,75,70,773,47,41.687172625632144
676,676,76,70,756,48,39.680105968180236
677,677,77,70,757,55,41.074489109185585
678,678,78,70,763,60,40.86847688662528
679,679,79,70,761,57,40.27349694530823
680,680,80,70,769,47,38.7432834033745
681,681,81,70,766,49,38.761875462799544
682,682,82,70,775,48,40.87025280510467
683,683,83,70,777,55,45.31609397362904
684,684,84,70,759,50,40.85265998730852
685,685,85,70,763,63,41.31383359346519
686,686,86,70,760,52,39.2946574605426
687,687,87,70,756,51,38.51582925925956
688,688,88,70,760,56,42.15750853409234
689,689,89,70,761,56,40.74889578547068
690,690,90,70,755,56,38.64213250030776
691,691,91,70,768,56,40.46824587802088
692,692,92,70,758,57,38.909560981235394
693,693,93,70,763,45,38.16872813298924
694,694,94,70,753,48,37.43915863886134
695,695,95,70,762,53,41.574216893825
696,696,96,70,752,51,36.41322489811181
697,697,97,70,765,58,41.722645888819265
698,698,98,70,761,57,40.71866573063325
699,699,99,70,757,55,40.4776387504403
700,700,0,80,824,51,53.96344977208824
701,701,1,80,797,63,56.64900333853729
702,702,2,80,798,59,51.124221281882576
703,703,3,80,805,69,63.101433267708536
704,704,4,80,769,51,42.98113067455943
705,705,5,80,790,57,55.60331495080653
706,706,6,80,798,62,53.23281151995362
707,707,7,80,774,52,45.157030235711794
708,708,8,80,814,63,54.88279400234941
709,709,9,80,798,59,49.77366389763144
710,710,10,80,803,47,55.659248383320396
711,711,11,80,771,66,41.614451074646325
712,712,12,80,795,63,58.52647316292295
713,713,13,80,790,62,45.041857607678814
714,714,14,80,597,42,32.82408660248154
715,715,15,80,798,67,57.60252416396077
716,716,16,80,793,56,53.090987778716936
717,717,17,80,774,67,42.29261356699497
718,718,18,80,775,58,42.4276027947963
719,719,19,80,790,54,49.362221490148315
720,720,20,80,793,59,57.56739562927463
721,721,21,80,529,48,30.978306345730104
722,722,22,80,813,69,57.21960512161484
723,723,23,80,795,63,54.80480220589632
724,724,24,80,786,57,54.5033101150205
725,725,25,80,759,57,40.68730230211869
726,726,26,80,818,62,57.804946700037334
727,727,27,80,812,66,59.213259092555276
728,728,28,80,797,54,54.26526718649423
729,729,29,80,807,49,53.23182851715855
730,730,30,80,795,70,58.26675150768677
731,731,31,80,791,58,58.26931278813826
732,732,32,80,794,65,51.58424126355801
733,733,33,80,795,55,52.75088090643216
734,734,34,80,793,52,48.443808247407425
735,735,35,80,803,67,57.18210168132558
736,736,36,80,808,61,55.818852758327544
737,737,37,80,759,69,43.62124182411254
738,738,38,80,485,41,31.017968134935973
739,739,39,80,799,52,55.717426603195115
740,740,40,80,803,50,49.15200029050138
741,741,41,80,794,55,52.848506886141486
742,742,42,80,800,61,60.637750296358185
743,743,43,80,797,61,58.3521128453174
744,744,44,80,818,68,58.63489718470111
745,745,45,80,810,59,58.96093689130376
746,746,46,80,757,61,44.08166085919203
747,747,47,80,776,56,42.7861970720775
748,748,48,80,811,66,64.17233958786242
749,749,49,80,843,57,56.32195009111286
750,750,50,80,799,72,59.17719932758866
751,751,51,80,804,54,57.04697125417887
752,752,52,80,797,57,54.072413960421564
753,753,53,80,794,55,45.164372761788535
754,754,54,80,801,55,51.034752642090716
755,755,55,80,788,54,47.8842351606317
756,756,56,80,816,58,57.628654934066915
757,757,57,80,823,79,62.63133570166576
758,758,58,80,813,56,63.95033037082374
759,759,59,80,806,70,60.66828782907218
760,760,60,80,616,47,34.33471675111164
761,761,61,80,782,68,49.44856971836166
762,762,62,80,783,68,50.149833974156564
763,763,63,80,788,67,45.253072632447
764,764,64,80,796,59,57.905120803175905
765,765,65,80,801,55,49.79331626985318
766,766,66,80,768,47,41.033877283074595
767,767,67,80,763,58,42.50178099608722
768,768,68,80,314,50,33.25894006973439
769,769,69,80,823,59,57.71112666324348
770,770,70,80,764,62,47.99290607941594
771,771,71,80,808,57,55.64962908729878
772,772,72,80,810,52,55.91326692067178
773,773,73,80,838,78,55.009389581162864
774,774,74,80,781,52,46.40336118227548
775,775,75,80,788,54,47.8300469992679
776,776,76,80,792,63,48.50931346170746
777,777,77,80,788,70,49.24805908150986
778,778,78,80,779,47,41.531217251773136
779,779,79,80,788,58,48.16404308706243
780,780,80,80,794,60,46.50085810165914
781,781,81,80,817,62,58.025155201115034
782,782,82,80,804,66,52.74975689402298
783,783,83,80,786,53,48.281842697397614
784,784,84,80,806,48,58.26694531075817
785,785,85,80,785,63,47.30367261929957
786,786,86,80,786,57,45.622613307761995
787,787,87,80,803,68,55.725901865131476
788,788,88,80,801,55,55.388445403616736
789,789,89,80,793,54,46.83078640655074
790,790,90,80,789,59,50.300690590681484
791,791,91,80,816,72,55.88671968421972
792,792,92,80,783,44,43.45500972547941
793,793,93,80,805,46,51.55633113383107
794,794,94,80,790,58,49.38880702530087
795,795,95,80,807,52,58.42365320012212
796,796,96,80,780,53,42.01531260394572
797,797,97,80,798,66,59.22028577546871
798,798,98,80,796,50,47.72003891962153
799,799,99,80,801,45,52.6021984173674
